sample-id	forward-absolute-filepath	reverse-absolute-filepath
ERR4613277	/Users/pdv/TFM/data/rawdata/ERR4613277_01_L001_R1_001.fastq.gz	/Users/pdv/TFM/data/rawdata/ERR4613277_01_L001_R2_001.fastq.gz
ERR4613278	/Users/pdv/TFM/data/rawdata/ERR4613278_01_L001_R1_001.fastq.gz	/Users/pdv/TFM/data/rawdata/ERR4613278_01_L001_R2_001.fastq.gz
ERR4613279	/Users/pdv/TFM/data/rawdata/ERR4613279_01_L001_R1_001.fastq.gz	/Users/pdv/TFM/data/rawdata/ERR4613279_01_L001_R2_001.fastq.gz
ERR4613280	/Users/pdv/TFM/data/rawdata/ERR4613280_01_L001_R1_001.fastq.gz	/Users/pdv/TFM/data/rawdata/ERR4613280_01_L001_R2_001.fastq.gz
ERR4613281	/Users/pdv/TFM/data/rawdata/ERR4613281_01_L001_R1_001.fastq.gz	/Users/pdv/TFM/data/rawdata/ERR4613281_01_L001_R2_001.fastq.gz
ERR4613282	/Users/pdv/TFM/data/rawdata/ERR4613282_01_L001_R1_001.fastq.gz	/Users/pdv/TFM/data/rawdata/ERR4613282_01_L001_R2_001.fastq.gz
ERR4613283	/Users/pdv/TFM/data/rawdata/ERR4613283_01_L001_R1_001.fastq.gz	/Users/pdv/TFM/data/rawdata/ERR4613283_01_L001_R2_001.fastq.gz
ERR4613284	/Users/pdv/TFM/data/rawdata/ERR4613284_01_L001_R1_001.fastq.gz	/Users/pdv/TFM/data/rawdata/ERR4613284_01_L001_R2_001.fastq.gz
ERR4613285	/Users/pdv/TFM/data/rawdata/ERR4613285_01_L001_R1_001.fastq.gz	/Users/pdv/TFM/data/rawdata/ERR4613285_01_L001_R2_001.fastq.gz
ERR4613286	/Users/pdv/TFM/data/rawdata/ERR4613286_01_L001_R1_001.fastq.gz	/Users/pdv/TFM/data/rawdata/ERR4613286_01_L001_R2_001.fastq.gz
ERR4613287	/Users/pdv/TFM/data/rawdata/ERR4613287_01_L001_R1_001.fastq.gz	/Users/pdv/TFM/data/rawdata/ERR4613287_01_L001_R2_001.fastq.gz
ERR4613288	/Users/pdv/TFM/data/rawdata/ERR4613288_01_L001_R1_001.fastq.gz	/Users/pdv/TFM/data/rawdata/ERR4613288_01_L001_R2_001.fastq.gz
ERR4613289	/Users/pdv/TFM/data/rawdata/ERR4613289_01_L001_R1_001.fastq.gz	/Users/pdv/TFM/data/rawdata/ERR4613289_01_L001_R2_001.fastq.gz
ERR4613290	/Users/pdv/TFM/data/rawdata/ERR4613290_01_L001_R1_001.fastq.gz	/Users/pdv/TFM/data/rawdata/ERR4613290_01_L001_R2_001.fastq.gz
ERR4613291	/Users/pdv/TFM/data/rawdata/ERR4613291_01_L001_R1_001.fastq.gz	/Users/pdv/TFM/data/rawdata/ERR4613291_01_L001_R2_001.fastq.gz
ERR4613292	/Users/pdv/TFM/data/rawdata/ERR4613292_01_L001_R1_001.fastq.gz	/Users/pdv/TFM/data/rawdata/ERR4613292_01_L001_R2_001.fastq.gz
ERR4613293	/Users/pdv/TFM/data/rawdata/ERR4613293_01_L001_R1_001.fastq.gz	/Users/pdv/TFM/data/rawdata/ERR4613293_01_L001_R2_001.fastq.gz
ERR4613294	/Users/pdv/TFM/data/rawdata/ERR4613294_01_L001_R1_001.fastq.gz	/Users/pdv/TFM/data/rawdata/ERR4613294_01_L001_R2_001.fastq.gz
ERR4613295	/Users/pdv/TFM/data/rawdata/ERR4613295_01_L001_R1_001.fastq.gz	/Users/pdv/TFM/data/rawdata/ERR4613295_01_L001_R2_001.fastq.gz
ERR4613296	/Users/pdv/TFM/data/rawdata/ERR4613296_01_L001_R1_001.fastq.gz	/Users/pdv/TFM/data/rawdata/ERR4613296_01_L001_R2_001.fastq.gz
ERR4613297	/Users/pdv/TFM/data/rawdata/ERR4613297_01_L001_R1_001.fastq.gz	/Users/pdv/TFM/data/rawdata/ERR4613297_01_L001_R2_001.fastq.gz
ERR4613298	/Users/pdv/TFM/data/rawdata/ERR4613298_01_L001_R1_001.fastq.gz	/Users/pdv/TFM/data/rawdata/ERR4613298_01_L001_R2_001.fastq.gz
ERR4613299	/Users/pdv/TFM/data/rawdata/ERR4613299_01_L001_R1_001.fastq.gz	/Users/pdv/TFM/data/rawdata/ERR4613299_01_L001_R2_001.fastq.gz
ERR4613300	/Users/pdv/TFM/data/rawdata/ERR4613300_01_L001_R1_001.fastq.gz	/Users/pdv/TFM/data/rawdata/ERR4613300_01_L001_R2_001.fastq.gz
ERR4613301	/Users/pdv/TFM/data/rawdata/ERR4613301_01_L001_R1_001.fastq.gz	/Users/pdv/TFM/data/rawdata/ERR4613301_01_L001_R2_001.fastq.gz
ERR4613302	/Users/pdv/TFM/data/rawdata/ERR4613302_01_L001_R1_001.fastq.gz	/Users/pdv/TFM/data/rawdata/ERR4613302_01_L001_R2_001.fastq.gz
ERR4613303	/Users/pdv/TFM/data/rawdata/ERR4613303_01_L001_R1_001.fastq.gz	/Users/pdv/TFM/data/rawdata/ERR4613303_01_L001_R2_001.fastq.gz
ERR4613304	/Users/pdv/TFM/data/rawdata/ERR4613304_01_L001_R1_001.fastq.gz	/Users/pdv/TFM/data/rawdata/ERR4613304_01_L001_R2_001.fastq.gz
ERR4613305	/Users/pdv/TFM/data/rawdata/ERR4613305_01_L001_R1_001.fastq.gz	/Users/pdv/TFM/data/rawdata/ERR4613305_01_L001_R2_001.fastq.gz
ERR4613306	/Users/pdv/TFM/data/rawdata/ERR4613306_01_L001_R1_001.fastq.gz	/Users/pdv/TFM/data/rawdata/ERR4613306_01_L001_R2_001.fastq.gz
ERR4613307	/Users/pdv/TFM/data/rawdata/ERR4613307_01_L001_R1_001.fastq.gz	/Users/pdv/TFM/data/rawdata/ERR4613307_01_L001_R2_001.fastq.gz
ERR4613308	/Users/pdv/TFM/data/rawdata/ERR4613308_01_L001_R1_001.fastq.gz	/Users/pdv/TFM/data/rawdata/ERR4613308_01_L001_R2_001.fastq.gz
ERR4613309	/Users/pdv/TFM/data/rawdata/ERR4613309_01_L001_R1_001.fastq.gz	/Users/pdv/TFM/data/rawdata/ERR4613309_01_L001_R2_001.fastq.gz
ERR4613310	/Users/pdv/TFM/data/rawdata/ERR4613310_01_L001_R1_001.fastq.gz	/Users/pdv/TFM/data/rawdata/ERR4613310_01_L001_R2_001.fastq.gz
ERR4613311	/Users/pdv/TFM/data/rawdata/ERR4613311_01_L001_R1_001.fastq.gz	/Users/pdv/TFM/data/rawdata/ERR4613311_01_L001_R2_001.fastq.gz
ERR4613312	/Users/pdv/TFM/data/rawdata/ERR4613312_01_L001_R1_001.fastq.gz	/Users/pdv/TFM/data/rawdata/ERR4613312_01_L001_R2_001.fastq.gz
ERR4613313	/Users/pdv/TFM/data/rawdata/ERR4613313_01_L001_R1_001.fastq.gz	/Users/pdv/TFM/data/rawdata/ERR4613313_01_L001_R2_001.fastq.gz
ERR4613314	/Users/pdv/TFM/data/rawdata/ERR4613314_01_L001_R1_001.fastq.gz	/Users/pdv/TFM/data/rawdata/ERR4613314_01_L001_R2_001.fastq.gz
ERR4613315	/Users/pdv/TFM/data/rawdata/ERR4613315_01_L001_R1_001.fastq.gz	/Users/pdv/TFM/data/rawdata/ERR4613315_01_L001_R2_001.fastq.gz
ERR4613316	/Users/pdv/TFM/data/rawdata/ERR4613316_01_L001_R1_001.fastq.gz	/Users/pdv/TFM/data/rawdata/ERR4613316_01_L001_R2_001.fastq.gz
ERR4613317	/Users/pdv/TFM/data/rawdata/ERR4613317_01_L001_R1_001.fastq.gz	/Users/pdv/TFM/data/rawdata/ERR4613317_01_L001_R2_001.fastq.gz
ERR4613318	/Users/pdv/TFM/data/rawdata/ERR4613318_01_L001_R1_001.fastq.gz	/Users/pdv/TFM/data/rawdata/ERR4613318_01_L001_R2_001.fastq.gz
ERR4613319	/Users/pdv/TFM/data/rawdata/ERR4613319_01_L001_R1_001.fastq.gz	/Users/pdv/TFM/data/rawdata/ERR4613319_01_L001_R2_001.fastq.gz
ERR4613320	/Users/pdv/TFM/data/rawdata/ERR4613320_01_L001_R1_001.fastq.gz	/Users/pdv/TFM/data/rawdata/ERR4613320_01_L001_R2_001.fastq.gz
ERR4613321	/Users/pdv/TFM/data/rawdata/ERR4613321_01_L001_R1_001.fastq.gz	/Users/pdv/TFM/data/rawdata/ERR4613321_01_L001_R2_001.fastq.gz
ERR4613322	/Users/pdv/TFM/data/rawdata/ERR4613322_01_L001_R1_001.fastq.gz	/Users/pdv/TFM/data/rawdata/ERR4613322_01_L001_R2_001.fastq.gz
ERR4613323	/Users/pdv/TFM/data/rawdata/ERR4613323_01_L001_R1_001.fastq.gz	/Users/pdv/TFM/data/rawdata/ERR4613323_01_L001_R2_001.fastq.gz
ERR4613324	/Users/pdv/TFM/data/rawdata/ERR4613324_01_L001_R1_001.fastq.gz	/Users/pdv/TFM/data/rawdata/ERR4613324_01_L001_R2_001.fastq.gz
ERR4613325	/Users/pdv/TFM/data/rawdata/ERR4613325_01_L001_R1_001.fastq.gz	/Users/pdv/TFM/data/rawdata/ERR4613325_01_L001_R2_001.fastq.gz
ERR4613326	/Users/pdv/TFM/data/rawdata/ERR4613326_01_L001_R1_001.fastq.gz	/Users/pdv/TFM/data/rawdata/ERR4613326_01_L001_R2_001.fastq.gz
ERR4613327	/Users/pdv/TFM/data/rawdata/ERR4613327_01_L001_R1_001.fastq.gz	/Users/pdv/TFM/data/rawdata/ERR4613327_01_L001_R2_001.fastq.gz
ERR4613328	/Users/pdv/TFM/data/rawdata/ERR4613328_01_L001_R1_001.fastq.gz	/Users/pdv/TFM/data/rawdata/ERR4613328_01_L001_R2_001.fastq.gz
ERR4613329	/Users/pdv/TFM/data/rawdata/ERR4613329_01_L001_R1_001.fastq.gz	/Users/pdv/TFM/data/rawdata/ERR4613329_01_L001_R2_001.fastq.gz
ERR4613330	/Users/pdv/TFM/data/rawdata/ERR4613330_01_L001_R1_001.fastq.gz	/Users/pdv/TFM/data/rawdata/ERR4613330_01_L001_R2_001.fastq.gz
ERR4613331	/Users/pdv/TFM/data/rawdata/ERR4613331_01_L001_R1_001.fastq.gz	/Users/pdv/TFM/data/rawdata/ERR4613331_01_L001_R2_001.fastq.gz
ERR4613332	/Users/pdv/TFM/data/rawdata/ERR4613332_01_L001_R1_001.fastq.gz	/Users/pdv/TFM/data/rawdata/ERR4613332_01_L001_R2_001.fastq.gz
ERR4613333	/Users/pdv/TFM/data/rawdata/ERR4613333_01_L001_R1_001.fastq.gz	/Users/pdv/TFM/data/rawdata/ERR4613333_01_L001_R2_001.fastq.gz
ERR4613334	/Users/pdv/TFM/data/rawdata/ERR4613334_01_L001_R1_001.fastq.gz	/Users/pdv/TFM/data/rawdata/ERR4613334_01_L001_R2_001.fastq.gz
ERR4613335	/Users/pdv/TFM/data/rawdata/ERR4613335_01_L001_R1_001.fastq.gz	/Users/pdv/TFM/data/rawdata/ERR4613335_01_L001_R2_001.fastq.gz
ERR4613336	/Users/pdv/TFM/data/rawdata/ERR4613336_01_L001_R1_001.fastq.gz	/Users/pdv/TFM/data/rawdata/ERR4613336_01_L001_R2_001.fastq.gz
ERR4613337	/Users/pdv/TFM/data/rawdata/ERR4613337_01_L001_R1_001.fastq.gz	/Users/pdv/TFM/data/rawdata/ERR4613337_01_L001_R2_001.fastq.gz
ERR4613338	/Users/pdv/TFM/data/rawdata/ERR4613338_01_L001_R1_001.fastq.gz	/Users/pdv/TFM/data/rawdata/ERR4613338_01_L001_R2_001.fastq.gz
ERR4613339	/Users/pdv/TFM/data/rawdata/ERR4613339_01_L001_R1_001.fastq.gz	/Users/pdv/TFM/data/rawdata/ERR4613339_01_L001_R2_001.fastq.gz
ERR4613340	/Users/pdv/TFM/data/rawdata/ERR4613340_01_L001_R1_001.fastq.gz	/Users/pdv/TFM/data/rawdata/ERR4613340_01_L001_R2_001.fastq.gz
ERR4613341	/Users/pdv/TFM/data/rawdata/ERR4613341_01_L001_R1_001.fastq.gz	/Users/pdv/TFM/data/rawdata/ERR4613341_01_L001_R2_001.fastq.gz
ERR4613342	/Users/pdv/TFM/data/rawdata/ERR4613342_01_L001_R1_001.fastq.gz	/Users/pdv/TFM/data/rawdata/ERR4613342_01_L001_R2_001.fastq.gz
ERR4613343	/Users/pdv/TFM/data/rawdata/ERR4613343_01_L001_R1_001.fastq.gz	/Users/pdv/TFM/data/rawdata/ERR4613343_01_L001_R2_001.fastq.gz
ERR4613344	/Users/pdv/TFM/data/rawdata/ERR4613344_01_L001_R1_001.fastq.gz	/Users/pdv/TFM/data/rawdata/ERR4613344_01_L001_R2_001.fastq.gz
ERR4613345	/Users/pdv/TFM/data/rawdata/ERR4613345_01_L001_R1_001.fastq.gz	/Users/pdv/TFM/data/rawdata/ERR4613345_01_L001_R2_001.fastq.gz
ERR4613346	/Users/pdv/TFM/data/rawdata/ERR4613346_01_L001_R1_001.fastq.gz	/Users/pdv/TFM/data/rawdata/ERR4613346_01_L001_R2_001.fastq.gz
ERR4613347	/Users/pdv/TFM/data/rawdata/ERR4613347_01_L001_R1_001.fastq.gz	/Users/pdv/TFM/data/rawdata/ERR4613347_01_L001_R2_001.fastq.gz
ERR4613348	/Users/pdv/TFM/data/rawdata/ERR4613348_01_L001_R1_001.fastq.gz	/Users/pdv/TFM/data/rawdata/ERR4613348_01_L001_R2_001.fastq.gz
ERR4613349	/Users/pdv/TFM/data/rawdata/ERR4613349_01_L001_R1_001.fastq.gz	/Users/pdv/TFM/data/rawdata/ERR4613349_01_L001_R2_001.fastq.gz
ERR4613350	/Users/pdv/TFM/data/rawdata/ERR4613350_01_L001_R1_001.fastq.gz	/Users/pdv/TFM/data/rawdata/ERR4613350_01_L001_R2_001.fastq.gz
ERR4613351	/Users/pdv/TFM/data/rawdata/ERR4613351_01_L001_R1_001.fastq.gz	/Users/pdv/TFM/data/rawdata/ERR4613351_01_L001_R2_001.fastq.gz
ERR4613352	/Users/pdv/TFM/data/rawdata/ERR4613352_01_L001_R1_001.fastq.gz	/Users/pdv/TFM/data/rawdata/ERR4613352_01_L001_R2_001.fastq.gz
ERR4613353	/Users/pdv/TFM/data/rawdata/ERR4613353_01_L001_R1_001.fastq.gz	/Users/pdv/TFM/data/rawdata/ERR4613353_01_L001_R2_001.fastq.gz
ERR4613354	/Users/pdv/TFM/data/rawdata/ERR4613354_01_L001_R1_001.fastq.gz	/Users/pdv/TFM/data/rawdata/ERR4613354_01_L001_R2_001.fastq.gz
ERR4613355	/Users/pdv/TFM/data/rawdata/ERR4613355_01_L001_R1_001.fastq.gz	/Users/pdv/TFM/data/rawdata/ERR4613355_01_L001_R2_001.fastq.gz
ERR4613356	/Users/pdv/TFM/data/rawdata/ERR4613356_01_L001_R1_001.fastq.gz	/Users/pdv/TFM/data/rawdata/ERR4613356_01_L001_R2_001.fastq.gz
ERR4613357	/Users/pdv/TFM/data/rawdata/ERR4613357_01_L001_R1_001.fastq.gz	/Users/pdv/TFM/data/rawdata/ERR4613357_01_L001_R2_001.fastq.gz
ERR4613358	/Users/pdv/TFM/data/rawdata/ERR4613358_01_L001_R1_001.fastq.gz	/Users/pdv/TFM/data/rawdata/ERR4613358_01_L001_R2_001.fastq.gz
ERR4613359	/Users/pdv/TFM/data/rawdata/ERR4613359_01_L001_R1_001.fastq.gz	/Users/pdv/TFM/data/rawdata/ERR4613359_01_L001_R2_001.fastq.gz
ERR4613360	/Users/pdv/TFM/data/rawdata/ERR4613360_01_L001_R1_001.fastq.gz	/Users/pdv/TFM/data/rawdata/ERR4613360_01_L001_R2_001.fastq.gz
ERR4613361	/Users/pdv/TFM/data/rawdata/ERR4613361_01_L001_R1_001.fastq.gz	/Users/pdv/TFM/data/rawdata/ERR4613361_01_L001_R2_001.fastq.gz
ERR4613362	/Users/pdv/TFM/data/rawdata/ERR4613362_01_L001_R1_001.fastq.gz	/Users/pdv/TFM/data/rawdata/ERR4613362_01_L001_R2_001.fastq.gz
ERR4613363	/Users/pdv/TFM/data/rawdata/ERR4613363_01_L001_R1_001.fastq.gz	/Users/pdv/TFM/data/rawdata/ERR4613363_01_L001_R2_001.fastq.gz
ERR4613364	/Users/pdv/TFM/data/rawdata/ERR4613364_01_L001_R1_001.fastq.gz	/Users/pdv/TFM/data/rawdata/ERR4613364_01_L001_R2_001.fastq.gz
ERR4613365	/Users/pdv/TFM/data/rawdata/ERR4613365_01_L001_R1_001.fastq.gz	/Users/pdv/TFM/data/rawdata/ERR4613365_01_L001_R2_001.fastq.gz
ERR4613366	/Users/pdv/TFM/data/rawdata/ERR4613366_01_L001_R1_001.fastq.gz	/Users/pdv/TFM/data/rawdata/ERR4613366_01_L001_R2_001.fastq.gz
ERR4613367	/Users/pdv/TFM/data/rawdata/ERR4613367_01_L001_R1_001.fastq.gz	/Users/pdv/TFM/data/rawdata/ERR4613367_01_L001_R2_001.fastq.gz
ERR4613368	/Users/pdv/TFM/data/rawdata/ERR4613368_01_L001_R1_001.fastq.gz	/Users/pdv/TFM/data/rawdata/ERR4613368_01_L001_R2_001.fastq.gz
ERR4613369	/Users/pdv/TFM/data/rawdata/ERR4613369_01_L001_R1_001.fastq.gz	/Users/pdv/TFM/data/rawdata/ERR4613369_01_L001_R2_001.fastq.gz
ERR4613370	/Users/pdv/TFM/data/rawdata/ERR4613370_01_L001_R1_001.fastq.gz	/Users/pdv/TFM/data/rawdata/ERR4613370_01_L001_R2_001.fastq.gz
ERR4613371	/Users/pdv/TFM/data/rawdata/ERR4613371_01_L001_R1_001.fastq.gz	/Users/pdv/TFM/data/rawdata/ERR4613371_01_L001_R2_001.fastq.gz
ERR4613372	/Users/pdv/TFM/data/rawdata/ERR4613372_01_L001_R1_001.fastq.gz	/Users/pdv/TFM/data/rawdata/ERR4613372_01_L001_R2_001.fastq.gz
ERR4613373	/Users/pdv/TFM/data/rawdata/ERR4613373_01_L001_R1_001.fastq.gz	/Users/pdv/TFM/data/rawdata/ERR4613373_01_L001_R2_001.fastq.gz
ERR4613374	/Users/pdv/TFM/data/rawdata/ERR4613374_01_L001_R1_001.fastq.gz	/Users/pdv/TFM/data/rawdata/ERR4613374_01_L001_R2_001.fastq.gz
ERR4613375	/Users/pdv/TFM/data/rawdata/ERR4613375_01_L001_R1_001.fastq.gz	/Users/pdv/TFM/data/rawdata/ERR4613375_01_L001_R2_001.fastq.gz
ERR4613376	/Users/pdv/TFM/data/rawdata/ERR4613376_01_L001_R1_001.fastq.gz	/Users/pdv/TFM/data/rawdata/ERR4613376_01_L001_R2_001.fastq.gz
ERR4613377	/Users/pdv/TFM/data/rawdata/ERR4613377_01_L001_R1_001.fastq.gz	/Users/pdv/TFM/data/rawdata/ERR4613377_01_L001_R2_001.fastq.gz
ERR4613378	/Users/pdv/TFM/data/rawdata/ERR4613378_01_L001_R1_001.fastq.gz	/Users/pdv/TFM/data/rawdata/ERR4613378_01_L001_R2_001.fastq.gz
ERR4613379	/Users/pdv/TFM/data/rawdata/ERR4613379_01_L001_R1_001.fastq.gz	/Users/pdv/TFM/data/rawdata/ERR4613379_01_L001_R2_001.fastq.gz
ERR4613380	/Users/pdv/TFM/data/rawdata/ERR4613380_01_L001_R1_001.fastq.gz	/Users/pdv/TFM/data/rawdata/ERR4613380_01_L001_R2_001.fastq.gz
ERR4613381	/Users/pdv/TFM/data/rawdata/ERR4613381_01_L001_R1_001.fastq.gz	/Users/pdv/TFM/data/rawdata/ERR4613381_01_L001_R2_001.fastq.gz
ERR4613382	/Users/pdv/TFM/data/rawdata/ERR4613382_01_L001_R1_001.fastq.gz	/Users/pdv/TFM/data/rawdata/ERR4613382_01_L001_R2_001.fastq.gz
ERR4613383	/Users/pdv/TFM/data/rawdata/ERR4613383_01_L001_R1_001.fastq.gz	/Users/pdv/TFM/data/rawdata/ERR4613383_01_L001_R2_001.fastq.gz
ERR4613384	/Users/pdv/TFM/data/rawdata/ERR4613384_01_L001_R1_001.fastq.gz	/Users/pdv/TFM/data/rawdata/ERR4613384_01_L001_R2_001.fastq.gz
ERR4613385	/Users/pdv/TFM/data/rawdata/ERR4613385_01_L001_R1_001.fastq.gz	/Users/pdv/TFM/data/rawdata/ERR4613385_01_L001_R2_001.fastq.gz
ERR4613386	/Users/pdv/TFM/data/rawdata/ERR4613386_01_L001_R1_001.fastq.gz	/Users/pdv/TFM/data/rawdata/ERR4613386_01_L001_R2_001.fastq.gz
ERR4613387	/Users/pdv/TFM/data/rawdata/ERR4613387_01_L001_R1_001.fastq.gz	/Users/pdv/TFM/data/rawdata/ERR4613387_01_L001_R2_001.fastq.gz
ERR4613388	/Users/pdv/TFM/data/rawdata/ERR4613388_01_L001_R1_001.fastq.gz	/Users/pdv/TFM/data/rawdata/ERR4613388_01_L001_R2_001.fastq.gz
ERR4613389	/Users/pdv/TFM/data/rawdata/ERR4613389_01_L001_R1_001.fastq.gz	/Users/pdv/TFM/data/rawdata/ERR4613389_01_L001_R2_001.fastq.gz
ERR4613390	/Users/pdv/TFM/data/rawdata/ERR4613390_01_L001_R1_001.fastq.gz	/Users/pdv/TFM/data/rawdata/ERR4613390_01_L001_R2_001.fastq.gz
ERR4613391	/Users/pdv/TFM/data/rawdata/ERR4613391_01_L001_R1_001.fastq.gz	/Users/pdv/TFM/data/rawdata/ERR4613391_01_L001_R2_001.fastq.gz
ERR4613392	/Users/pdv/TFM/data/rawdata/ERR4613392_01_L001_R1_001.fastq.gz	/Users/pdv/TFM/data/rawdata/ERR4613392_01_L001_R2_001.fastq.gz
ERR4613393	/Users/pdv/TFM/data/rawdata/ERR4613393_01_L001_R1_001.fastq.gz	/Users/pdv/TFM/data/rawdata/ERR4613393_01_L001_R2_001.fastq.gz
ERR4613394	/Users/pdv/TFM/data/rawdata/ERR4613394_01_L001_R1_001.fastq.gz	/Users/pdv/TFM/data/rawdata/ERR4613394_01_L001_R2_001.fastq.gz
ERR4613395	/Users/pdv/TFM/data/rawdata/ERR4613395_01_L001_R1_001.fastq.gz	/Users/pdv/TFM/data/rawdata/ERR4613395_01_L001_R2_001.fastq.gz
ERR4613396	/Users/pdv/TFM/data/rawdata/ERR4613396_01_L001_R1_001.fastq.gz	/Users/pdv/TFM/data/rawdata/ERR4613396_01_L001_R2_001.fastq.gz
ERR4613397	/Users/pdv/TFM/data/rawdata/ERR4613397_01_L001_R1_001.fastq.gz	/Users/pdv/TFM/data/rawdata/ERR4613397_01_L001_R2_001.fastq.gz
ERR4613398	/Users/pdv/TFM/data/rawdata/ERR4613398_01_L001_R1_001.fastq.gz	/Users/pdv/TFM/data/rawdata/ERR4613398_01_L001_R2_001.fastq.gz
ERR4613399	/Users/pdv/TFM/data/rawdata/ERR4613399_01_L001_R1_001.fastq.gz	/Users/pdv/TFM/data/rawdata/ERR4613399_01_L001_R2_001.fastq.gz
ERR4613400	/Users/pdv/TFM/data/rawdata/ERR4613400_01_L001_R1_001.fastq.gz	/Users/pdv/TFM/data/rawdata/ERR4613400_01_L001_R2_001.fastq.gz
ERR4613401	/Users/pdv/TFM/data/rawdata/ERR4613401_01_L001_R1_001.fastq.gz	/Users/pdv/TFM/data/rawdata/ERR4613401_01_L001_R2_001.fastq.gz
ERR4613402	/Users/pdv/TFM/data/rawdata/ERR4613402_01_L001_R1_001.fastq.gz	/Users/pdv/TFM/data/rawdata/ERR4613402_01_L001_R2_001.fastq.gz
ERR4613403	/Users/pdv/TFM/data/rawdata/ERR4613403_01_L001_R1_001.fastq.gz	/Users/pdv/TFM/data/rawdata/ERR4613403_01_L001_R2_001.fastq.gz
ERR4613404	/Users/pdv/TFM/data/rawdata/ERR4613404_01_L001_R1_001.fastq.gz	/Users/pdv/TFM/data/rawdata/ERR4613404_01_L001_R2_001.fastq.gz
ERR4613405	/Users/pdv/TFM/data/rawdata/ERR4613405_01_L001_R1_001.fastq.gz	/Users/pdv/TFM/data/rawdata/ERR4613405_01_L001_R2_001.fastq.gz
ERR4613406	/Users/pdv/TFM/data/rawdata/ERR4613406_01_L001_R1_001.fastq.gz	/Users/pdv/TFM/data/rawdata/ERR4613406_01_L001_R2_001.fastq.gz
ERR4613407	/Users/pdv/TFM/data/rawdata/ERR4613407_01_L001_R1_001.fastq.gz	/Users/pdv/TFM/data/rawdata/ERR4613407_01_L001_R2_001.fastq.gz
ERR4613408	/Users/pdv/TFM/data/rawdata/ERR4613408_01_L001_R1_001.fastq.gz	/Users/pdv/TFM/data/rawdata/ERR4613408_01_L001_R2_001.fastq.gz
ERR4613409	/Users/pdv/TFM/data/rawdata/ERR4613409_01_L001_R1_001.fastq.gz	/Users/pdv/TFM/data/rawdata/ERR4613409_01_L001_R2_001.fastq.gz
ERR4613410	/Users/pdv/TFM/data/rawdata/ERR4613410_01_L001_R1_001.fastq.gz	/Users/pdv/TFM/data/rawdata/ERR4613410_01_L001_R2_001.fastq.gz
ERR4613411	/Users/pdv/TFM/data/rawdata/ERR4613411_01_L001_R1_001.fastq.gz	/Users/pdv/TFM/data/rawdata/ERR4613411_01_L001_R2_001.fastq.gz
ERR4613412	/Users/pdv/TFM/data/rawdata/ERR4613412_01_L001_R1_001.fastq.gz	/Users/pdv/TFM/data/rawdata/ERR4613412_01_L001_R2_001.fastq.gz
ERR4613413	/Users/pdv/TFM/data/rawdata/ERR4613413_01_L001_R1_001.fastq.gz	/Users/pdv/TFM/data/rawdata/ERR4613413_01_L001_R2_001.fastq.gz
ERR4613414	/Users/pdv/TFM/data/rawdata/ERR4613414_01_L001_R1_001.fastq.gz	/Users/pdv/TFM/data/rawdata/ERR4613414_01_L001_R2_001.fastq.gz
ERR4613415	/Users/pdv/TFM/data/rawdata/ERR4613415_01_L001_R1_001.fastq.gz	/Users/pdv/TFM/data/rawdata/ERR4613415_01_L001_R2_001.fastq.gz
ERR4613416	/Users/pdv/TFM/data/rawdata/ERR4613416_01_L001_R1_001.fastq.gz	/Users/pdv/TFM/data/rawdata/ERR4613416_01_L001_R2_001.fastq.gz
ERR4613417	/Users/pdv/TFM/data/rawdata/ERR4613417_01_L001_R1_001.fastq.gz	/Users/pdv/TFM/data/rawdata/ERR4613417_01_L001_R2_001.fastq.gz
ERR4613418	/Users/pdv/TFM/data/rawdata/ERR4613418_01_L001_R1_001.fastq.gz	/Users/pdv/TFM/data/rawdata/ERR4613418_01_L001_R2_001.fastq.gz
ERR4613419	/Users/pdv/TFM/data/rawdata/ERR4613419_01_L001_R1_001.fastq.gz	/Users/pdv/TFM/data/rawdata/ERR4613419_01_L001_R2_001.fastq.gz
ERR4613420	/Users/pdv/TFM/data/rawdata/ERR4613420_01_L001_R1_001.fastq.gz	/Users/pdv/TFM/data/rawdata/ERR4613420_01_L001_R2_001.fastq.gz
ERR4613421	/Users/pdv/TFM/data/rawdata/ERR4613421_01_L001_R1_001.fastq.gz	/Users/pdv/TFM/data/rawdata/ERR4613421_01_L001_R2_001.fastq.gz
ERR4613422	/Users/pdv/TFM/data/rawdata/ERR4613422_01_L001_R1_001.fastq.gz	/Users/pdv/TFM/data/rawdata/ERR4613422_01_L001_R2_001.fastq.gz
ERR4613423	/Users/pdv/TFM/data/rawdata/ERR4613423_01_L001_R1_001.fastq.gz	/Users/pdv/TFM/data/rawdata/ERR4613423_01_L001_R2_001.fastq.gz
ERR4613424	/Users/pdv/TFM/data/rawdata/ERR4613424_01_L001_R1_001.fastq.gz	/Users/pdv/TFM/data/rawdata/ERR4613424_01_L001_R2_001.fastq.gz
ERR4613425	/Users/pdv/TFM/data/rawdata/ERR4613425_01_L001_R1_001.fastq.gz	/Users/pdv/TFM/data/rawdata/ERR4613425_01_L001_R2_001.fastq.gz
ERR4613426	/Users/pdv/TFM/data/rawdata/ERR4613426_01_L001_R1_001.fastq.gz	/Users/pdv/TFM/data/rawdata/ERR4613426_01_L001_R2_001.fastq.gz
ERR4613427	/Users/pdv/TFM/data/rawdata/ERR4613427_01_L001_R1_001.fastq.gz	/Users/pdv/TFM/data/rawdata/ERR4613427_01_L001_R2_001.fastq.gz
ERR4613428	/Users/pdv/TFM/data/rawdata/ERR4613428_01_L001_R1_001.fastq.gz	/Users/pdv/TFM/data/rawdata/ERR4613428_01_L001_R2_001.fastq.gz
ERR4613429	/Users/pdv/TFM/data/rawdata/ERR4613429_01_L001_R1_001.fastq.gz	/Users/pdv/TFM/data/rawdata/ERR4613429_01_L001_R2_001.fastq.gz
ERR4613430	/Users/pdv/TFM/data/rawdata/ERR4613430_01_L001_R1_001.fastq.gz	/Users/pdv/TFM/data/rawdata/ERR4613430_01_L001_R2_001.fastq.gz
ERR4613431	/Users/pdv/TFM/data/rawdata/ERR4613431_01_L001_R1_001.fastq.gz	/Users/pdv/TFM/data/rawdata/ERR4613431_01_L001_R2_001.fastq.gz
ERR4613432	/Users/pdv/TFM/data/rawdata/ERR4613432_01_L001_R1_001.fastq.gz	/Users/pdv/TFM/data/rawdata/ERR4613432_01_L001_R2_001.fastq.gz
ERR4613433	/Users/pdv/TFM/data/rawdata/ERR4613433_01_L001_R1_001.fastq.gz	/Users/pdv/TFM/data/rawdata/ERR4613433_01_L001_R2_001.fastq.gz
ERR4613434	/Users/pdv/TFM/data/rawdata/ERR4613434_01_L001_R1_001.fastq.gz	/Users/pdv/TFM/data/rawdata/ERR4613434_01_L001_R2_001.fastq.gz
ERR4613435	/Users/pdv/TFM/data/rawdata/ERR4613435_01_L001_R1_001.fastq.gz	/Users/pdv/TFM/data/rawdata/ERR4613435_01_L001_R2_001.fastq.gz
ERR4613436	/Users/pdv/TFM/data/rawdata/ERR4613436_01_L001_R1_001.fastq.gz	/Users/pdv/TFM/data/rawdata/ERR4613436_01_L001_R2_001.fastq.gz
ERR4613437	/Users/pdv/TFM/data/rawdata/ERR4613437_01_L001_R1_001.fastq.gz	/Users/pdv/TFM/data/rawdata/ERR4613437_01_L001_R2_001.fastq.gz
ERR4613438	/Users/pdv/TFM/data/rawdata/ERR4613438_01_L001_R1_001.fastq.gz	/Users/pdv/TFM/data/rawdata/ERR4613438_01_L001_R2_001.fastq.gz
ERR4613439	/Users/pdv/TFM/data/rawdata/ERR4613439_01_L001_R1_001.fastq.gz	/Users/pdv/TFM/data/rawdata/ERR4613439_01_L001_R2_001.fastq.gz
ERR4613440	/Users/pdv/TFM/data/rawdata/ERR4613440_01_L001_R1_001.fastq.gz	/Users/pdv/TFM/data/rawdata/ERR4613440_01_L001_R2_001.fastq.gz
ERR4613441	/Users/pdv/TFM/data/rawdata/ERR4613441_01_L001_R1_001.fastq.gz	/Users/pdv/TFM/data/rawdata/ERR4613441_01_L001_R2_001.fastq.gz
ERR4613442	/Users/pdv/TFM/data/rawdata/ERR4613442_01_L001_R1_001.fastq.gz	/Users/pdv/TFM/data/rawdata/ERR4613442_01_L001_R2_001.fastq.gz
ERR4613443	/Users/pdv/TFM/data/rawdata/ERR4613443_01_L001_R1_001.fastq.gz	/Users/pdv/TFM/data/rawdata/ERR4613443_01_L001_R2_001.fastq.gz
ERR4613444	/Users/pdv/TFM/data/rawdata/ERR4613444_01_L001_R1_001.fastq.gz	/Users/pdv/TFM/data/rawdata/ERR4613444_01_L001_R2_001.fastq.gz
ERR4613445	/Users/pdv/TFM/data/rawdata/ERR4613445_01_L001_R1_001.fastq.gz	/Users/pdv/TFM/data/rawdata/ERR4613445_01_L001_R2_001.fastq.gz
ERR4613446	/Users/pdv/TFM/data/rawdata/ERR4613446_01_L001_R1_001.fastq.gz	/Users/pdv/TFM/data/rawdata/ERR4613446_01_L001_R2_001.fastq.gz
ERR4613447	/Users/pdv/TFM/data/rawdata/ERR4613447_01_L001_R1_001.fastq.gz	/Users/pdv/TFM/data/rawdata/ERR4613447_01_L001_R2_001.fastq.gz
ERR4613448	/Users/pdv/TFM/data/rawdata/ERR4613448_01_L001_R1_001.fastq.gz	/Users/pdv/TFM/data/rawdata/ERR4613448_01_L001_R2_001.fastq.gz
ERR4613449	/Users/pdv/TFM/data/rawdata/ERR4613449_01_L001_R1_001.fastq.gz	/Users/pdv/TFM/data/rawdata/ERR4613449_01_L001_R2_001.fastq.gz
ERR4613450	/Users/pdv/TFM/data/rawdata/ERR4613450_01_L001_R1_001.fastq.gz	/Users/pdv/TFM/data/rawdata/ERR4613450_01_L001_R2_001.fastq.gz
ERR4613451	/Users/pdv/TFM/data/rawdata/ERR4613451_01_L001_R1_001.fastq.gz	/Users/pdv/TFM/data/rawdata/ERR4613451_01_L001_R2_001.fastq.gz
ERR4613452	/Users/pdv/TFM/data/rawdata/ERR4613452_01_L001_R1_001.fastq.gz	/Users/pdv/TFM/data/rawdata/ERR4613452_01_L001_R2_001.fastq.gz
ERR4613453	/Users/pdv/TFM/data/rawdata/ERR4613453_01_L001_R1_001.fastq.gz	/Users/pdv/TFM/data/rawdata/ERR4613453_01_L001_R2_001.fastq.gz
ERR4613454	/Users/pdv/TFM/data/rawdata/ERR4613454_01_L001_R1_001.fastq.gz	/Users/pdv/TFM/data/rawdata/ERR4613454_01_L001_R2_001.fastq.gz
ERR4613455	/Users/pdv/TFM/data/rawdata/ERR4613455_01_L001_R1_001.fastq.gz	/Users/pdv/TFM/data/rawdata/ERR4613455_01_L001_R2_001.fastq.gz
ERR4613456	/Users/pdv/TFM/data/rawdata/ERR4613456_01_L001_R1_001.fastq.gz	/Users/pdv/TFM/data/rawdata/ERR4613456_01_L001_R2_001.fastq.gz
ERR4613457	/Users/pdv/TFM/data/rawdata/ERR4613457_01_L001_R1_001.fastq.gz	/Users/pdv/TFM/data/rawdata/ERR4613457_01_L001_R2_001.fastq.gz
ERR4613458	/Users/pdv/TFM/data/rawdata/ERR4613458_01_L001_R1_001.fastq.gz	/Users/pdv/TFM/data/rawdata/ERR4613458_01_L001_R2_001.fastq.gz
ERR4613459	/Users/pdv/TFM/data/rawdata/ERR4613459_01_L001_R1_001.fastq.gz	/Users/pdv/TFM/data/rawdata/ERR4613459_01_L001_R2_001.fastq.gz
ERR4613460	/Users/pdv/TFM/data/rawdata/ERR4613460_01_L001_R1_001.fastq.gz	/Users/pdv/TFM/data/rawdata/ERR4613460_01_L001_R2_001.fastq.gz
ERR4613461	/Users/pdv/TFM/data/rawdata/ERR4613461_01_L001_R1_001.fastq.gz	/Users/pdv/TFM/data/rawdata/ERR4613461_01_L001_R2_001.fastq.gz
ERR4613462	/Users/pdv/TFM/data/rawdata/ERR4613462_01_L001_R1_001.fastq.gz	/Users/pdv/TFM/data/rawdata/ERR4613462_01_L001_R2_001.fastq.gz
ERR4613463	/Users/pdv/TFM/data/rawdata/ERR4613463_01_L001_R1_001.fastq.gz	/Users/pdv/TFM/data/rawdata/ERR4613463_01_L001_R2_001.fastq.gz
ERR4613464	/Users/pdv/TFM/data/rawdata/ERR4613464_01_L001_R1_001.fastq.gz	/Users/pdv/TFM/data/rawdata/ERR4613464_01_L001_R2_001.fastq.gz
ERR4613465	/Users/pdv/TFM/data/rawdata/ERR4613465_01_L001_R1_001.fastq.gz	/Users/pdv/TFM/data/rawdata/ERR4613465_01_L001_R2_001.fastq.gz
ERR4613466	/Users/pdv/TFM/data/rawdata/ERR4613466_01_L001_R1_001.fastq.gz	/Users/pdv/TFM/data/rawdata/ERR4613466_01_L001_R2_001.fastq.gz
ERR4613467	/Users/pdv/TFM/data/rawdata/ERR4613467_01_L001_R1_001.fastq.gz	/Users/pdv/TFM/data/rawdata/ERR4613467_01_L001_R2_001.fastq.gz
ERR4613468	/Users/pdv/TFM/data/rawdata/ERR4613468_01_L001_R1_001.fastq.gz	/Users/pdv/TFM/data/rawdata/ERR4613468_01_L001_R2_001.fastq.gz
ERR4613469	/Users/pdv/TFM/data/rawdata/ERR4613469_01_L001_R1_001.fastq.gz	/Users/pdv/TFM/data/rawdata/ERR4613469_01_L001_R2_001.fastq.gz
ERR4613470	/Users/pdv/TFM/data/rawdata/ERR4613470_01_L001_R1_001.fastq.gz	/Users/pdv/TFM/data/rawdata/ERR4613470_01_L001_R2_001.fastq.gz
ERR4613471	/Users/pdv/TFM/data/rawdata/ERR4613471_01_L001_R1_001.fastq.gz	/Users/pdv/TFM/data/rawdata/ERR4613471_01_L001_R2_001.fastq.gz
ERR4613472	/Users/pdv/TFM/data/rawdata/ERR4613472_01_L001_R1_001.fastq.gz	/Users/pdv/TFM/data/rawdata/ERR4613472_01_L001_R2_001.fastq.gz
ERR4613473	/Users/pdv/TFM/data/rawdata/ERR4613473_01_L001_R1_001.fastq.gz	/Users/pdv/TFM/data/rawdata/ERR4613473_01_L001_R2_001.fastq.gz
ERR4613474	/Users/pdv/TFM/data/rawdata/ERR4613474_01_L001_R1_001.fastq.gz	/Users/pdv/TFM/data/rawdata/ERR4613474_01_L001_R2_001.fastq.gz
ERR4613475	/Users/pdv/TFM/data/rawdata/ERR4613475_01_L001_R1_001.fastq.gz	/Users/pdv/TFM/data/rawdata/ERR4613475_01_L001_R2_001.fastq.gz
ERR4613476	/Users/pdv/TFM/data/rawdata/ERR4613476_01_L001_R1_001.fastq.gz	/Users/pdv/TFM/data/rawdata/ERR4613476_01_L001_R2_001.fastq.gz
ERR4613477	/Users/pdv/TFM/data/rawdata/ERR4613477_01_L001_R1_001.fastq.gz	/Users/pdv/TFM/data/rawdata/ERR4613477_01_L001_R2_001.fastq.gz
ERR4613478	/Users/pdv/TFM/data/rawdata/ERR4613478_01_L001_R1_001.fastq.gz	/Users/pdv/TFM/data/rawdata/ERR4613478_01_L001_R2_001.fastq.gz
ERR4613479	/Users/pdv/TFM/data/rawdata/ERR4613479_01_L001_R1_001.fastq.gz	/Users/pdv/TFM/data/rawdata/ERR4613479_01_L001_R2_001.fastq.gz
ERR4613480	/Users/pdv/TFM/data/rawdata/ERR4613480_01_L001_R1_001.fastq.gz	/Users/pdv/TFM/data/rawdata/ERR4613480_01_L001_R2_001.fastq.gz
ERR4613481	/Users/pdv/TFM/data/rawdata/ERR4613481_01_L001_R1_001.fastq.gz	/Users/pdv/TFM/data/rawdata/ERR4613481_01_L001_R2_001.fastq.gz
ERR4613482	/Users/pdv/TFM/data/rawdata/ERR4613482_01_L001_R1_001.fastq.gz	/Users/pdv/TFM/data/rawdata/ERR4613482_01_L001_R2_001.fastq.gz
ERR4613483	/Users/pdv/TFM/data/rawdata/ERR4613483_01_L001_R1_001.fastq.gz	/Users/pdv/TFM/data/rawdata/ERR4613483_01_L001_R2_001.fastq.gz
ERR4613484	/Users/pdv/TFM/data/rawdata/ERR4613484_01_L001_R1_001.fastq.gz	/Users/pdv/TFM/data/rawdata/ERR4613484_01_L001_R2_001.fastq.gz
ERR4613485	/Users/pdv/TFM/data/rawdata/ERR4613485_01_L001_R1_001.fastq.gz	/Users/pdv/TFM/data/rawdata/ERR4613485_01_L001_R2_001.fastq.gz
ERR4613486	/Users/pdv/TFM/data/rawdata/ERR4613486_01_L001_R1_001.fastq.gz	/Users/pdv/TFM/data/rawdata/ERR4613486_01_L001_R2_001.fastq.gz
ERR4613487	/Users/pdv/TFM/data/rawdata/ERR4613487_01_L001_R1_001.fastq.gz	/Users/pdv/TFM/data/rawdata/ERR4613487_01_L001_R2_001.fastq.gz
ERR4613488	/Users/pdv/TFM/data/rawdata/ERR4613488_01_L001_R1_001.fastq.gz	/Users/pdv/TFM/data/rawdata/ERR4613488_01_L001_R2_001.fastq.gz
ERR4613489	/Users/pdv/TFM/data/rawdata/ERR4613489_01_L001_R1_001.fastq.gz	/Users/pdv/TFM/data/rawdata/ERR4613489_01_L001_R2_001.fastq.gz
ERR4613490	/Users/pdv/TFM/data/rawdata/ERR4613490_01_L001_R1_001.fastq.gz	/Users/pdv/TFM/data/rawdata/ERR4613490_01_L001_R2_001.fastq.gz
ERR4613491	/Users/pdv/TFM/data/rawdata/ERR4613491_01_L001_R1_001.fastq.gz	/Users/pdv/TFM/data/rawdata/ERR4613491_01_L001_R2_001.fastq.gz
ERR4613492	/Users/pdv/TFM/data/rawdata/ERR4613492_01_L001_R1_001.fastq.gz	/Users/pdv/TFM/data/rawdata/ERR4613492_01_L001_R2_001.fastq.gz
ERR4613493	/Users/pdv/TFM/data/rawdata/ERR4613493_01_L001_R1_001.fastq.gz	/Users/pdv/TFM/data/rawdata/ERR4613493_01_L001_R2_001.fastq.gz
ERR4613494	/Users/pdv/TFM/data/rawdata/ERR4613494_01_L001_R1_001.fastq.gz	/Users/pdv/TFM/data/rawdata/ERR4613494_01_L001_R2_001.fastq.gz
ERR4613495	/Users/pdv/TFM/data/rawdata/ERR4613495_01_L001_R1_001.fastq.gz	/Users/pdv/TFM/data/rawdata/ERR4613495_01_L001_R2_001.fastq.gz
ERR4613496	/Users/pdv/TFM/data/rawdata/ERR4613496_01_L001_R1_001.fastq.gz	/Users/pdv/TFM/data/rawdata/ERR4613496_01_L001_R2_001.fastq.gz
ERR4613497	/Users/pdv/TFM/data/rawdata/ERR4613497_01_L001_R1_001.fastq.gz	/Users/pdv/TFM/data/rawdata/ERR4613497_01_L001_R2_001.fastq.gz
ERR4613498	/Users/pdv/TFM/data/rawdata/ERR4613498_01_L001_R1_001.fastq.gz	/Users/pdv/TFM/data/rawdata/ERR4613498_01_L001_R2_001.fastq.gz
ERR4613499	/Users/pdv/TFM/data/rawdata/ERR4613499_01_L001_R1_001.fastq.gz	/Users/pdv/TFM/data/rawdata/ERR4613499_01_L001_R2_001.fastq.gz
ERR4613500	/Users/pdv/TFM/data/rawdata/ERR4613500_01_L001_R1_001.fastq.gz	/Users/pdv/TFM/data/rawdata/ERR4613500_01_L001_R2_001.fastq.gz
ERR4613501	/Users/pdv/TFM/data/rawdata/ERR4613501_01_L001_R1_001.fastq.gz	/Users/pdv/TFM/data/rawdata/ERR4613501_01_L001_R2_001.fastq.gz
ERR4613502	/Users/pdv/TFM/data/rawdata/ERR4613502_01_L001_R1_001.fastq.gz	/Users/pdv/TFM/data/rawdata/ERR4613502_01_L001_R2_001.fastq.gz
ERR4613503	/Users/pdv/TFM/data/rawdata/ERR4613503_01_L001_R1_001.fastq.gz	/Users/pdv/TFM/data/rawdata/ERR4613503_01_L001_R2_001.fastq.gz
ERR4613504	/Users/pdv/TFM/data/rawdata/ERR4613504_01_L001_R1_001.fastq.gz	/Users/pdv/TFM/data/rawdata/ERR4613504_01_L001_R2_001.fastq.gz
ERR4613505	/Users/pdv/TFM/data/rawdata/ERR4613505_01_L001_R1_001.fastq.gz	/Users/pdv/TFM/data/rawdata/ERR4613505_01_L001_R2_001.fastq.gz
ERR4613506	/Users/pdv/TFM/data/rawdata/ERR4613506_01_L001_R1_001.fastq.gz	/Users/pdv/TFM/data/rawdata/ERR4613506_01_L001_R2_001.fastq.gz
ERR4613507	/Users/pdv/TFM/data/rawdata/ERR4613507_01_L001_R1_001.fastq.gz	/Users/pdv/TFM/data/rawdata/ERR4613507_01_L001_R2_001.fastq.gz
ERR4613508	/Users/pdv/TFM/data/rawdata/ERR4613508_01_L001_R1_001.fastq.gz	/Users/pdv/TFM/data/rawdata/ERR4613508_01_L001_R2_001.fastq.gz
ERR4613509	/Users/pdv/TFM/data/rawdata/ERR4613509_01_L001_R1_001.fastq.gz	/Users/pdv/TFM/data/rawdata/ERR4613509_01_L001_R2_001.fastq.gz
ERR4613510	/Users/pdv/TFM/data/rawdata/ERR4613510_01_L001_R1_001.fastq.gz	/Users/pdv/TFM/data/rawdata/ERR4613510_01_L001_R2_001.fastq.gz
ERR4613511	/Users/pdv/TFM/data/rawdata/ERR4613511_01_L001_R1_001.fastq.gz	/Users/pdv/TFM/data/rawdata/ERR4613511_01_L001_R2_001.fastq.gz
ERR4613512	/Users/pdv/TFM/data/rawdata/ERR4613512_01_L001_R1_001.fastq.gz	/Users/pdv/TFM/data/rawdata/ERR4613512_01_L001_R2_001.fastq.gz
ERR4613513	/Users/pdv/TFM/data/rawdata/ERR4613513_01_L001_R1_001.fastq.gz	/Users/pdv/TFM/data/rawdata/ERR4613513_01_L001_R2_001.fastq.gz
ERR4613514	/Users/pdv/TFM/data/rawdata/ERR4613514_01_L001_R1_001.fastq.gz	/Users/pdv/TFM/data/rawdata/ERR4613514_01_L001_R2_001.fastq.gz
ERR4613515	/Users/pdv/TFM/data/rawdata/ERR4613515_01_L001_R1_001.fastq.gz	/Users/pdv/TFM/data/rawdata/ERR4613515_01_L001_R2_001.fastq.gz
ERR4613516	/Users/pdv/TFM/data/rawdata/ERR4613516_01_L001_R1_001.fastq.gz	/Users/pdv/TFM/data/rawdata/ERR4613516_01_L001_R2_001.fastq.gz
ERR4613517	/Users/pdv/TFM/data/rawdata/ERR4613517_01_L001_R1_001.fastq.gz	/Users/pdv/TFM/data/rawdata/ERR4613517_01_L001_R2_001.fastq.gz
ERR4613518	/Users/pdv/TFM/data/rawdata/ERR4613518_01_L001_R1_001.fastq.gz	/Users/pdv/TFM/data/rawdata/ERR4613518_01_L001_R2_001.fastq.gz
ERR4613519	/Users/pdv/TFM/data/rawdata/ERR4613519_01_L001_R1_001.fastq.gz	/Users/pdv/TFM/data/rawdata/ERR4613519_01_L001_R2_001.fastq.gz
ERR4613520	/Users/pdv/TFM/data/rawdata/ERR4613520_01_L001_R1_001.fastq.gz	/Users/pdv/TFM/data/rawdata/ERR4613520_01_L001_R2_001.fastq.gz
ERR4613521	/Users/pdv/TFM/data/rawdata/ERR4613521_01_L001_R1_001.fastq.gz	/Users/pdv/TFM/data/rawdata/ERR4613521_01_L001_R2_001.fastq.gz
ERR4613522	/Users/pdv/TFM/data/rawdata/ERR4613522_01_L001_R1_001.fastq.gz	/Users/pdv/TFM/data/rawdata/ERR4613522_01_L001_R2_001.fastq.gz
ERR4613523	/Users/pdv/TFM/data/rawdata/ERR4613523_01_L001_R1_001.fastq.gz	/Users/pdv/TFM/data/rawdata/ERR4613523_01_L001_R2_001.fastq.gz
ERR4613524	/Users/pdv/TFM/data/rawdata/ERR4613524_01_L001_R1_001.fastq.gz	/Users/pdv/TFM/data/rawdata/ERR4613524_01_L001_R2_001.fastq.gz
ERR4613525	/Users/pdv/TFM/data/rawdata/ERR4613525_01_L001_R1_001.fastq.gz	/Users/pdv/TFM/data/rawdata/ERR4613525_01_L001_R2_001.fastq.gz
ERR4613526	/Users/pdv/TFM/data/rawdata/ERR4613526_01_L001_R1_001.fastq.gz	/Users/pdv/TFM/data/rawdata/ERR4613526_01_L001_R2_001.fastq.gz
ERR4613527	/Users/pdv/TFM/data/rawdata/ERR4613527_01_L001_R1_001.fastq.gz	/Users/pdv/TFM/data/rawdata/ERR4613527_01_L001_R2_001.fastq.gz
ERR4613528	/Users/pdv/TFM/data/rawdata/ERR4613528_01_L001_R1_001.fastq.gz	/Users/pdv/TFM/data/rawdata/ERR4613528_01_L001_R2_001.fastq.gz
ERR4613529	/Users/pdv/TFM/data/rawdata/ERR4613529_01_L001_R1_001.fastq.gz	/Users/pdv/TFM/data/rawdata/ERR4613529_01_L001_R2_001.fastq.gz
ERR4613530	/Users/pdv/TFM/data/rawdata/ERR4613530_01_L001_R1_001.fastq.gz	/Users/pdv/TFM/data/rawdata/ERR4613530_01_L001_R2_001.fastq.gz
ERR4613531	/Users/pdv/TFM/data/rawdata/ERR4613531_01_L001_R1_001.fastq.gz	/Users/pdv/TFM/data/rawdata/ERR4613531_01_L001_R2_001.fastq.gz
ERR4613532	/Users/pdv/TFM/data/rawdata/ERR4613532_01_L001_R1_001.fastq.gz	/Users/pdv/TFM/data/rawdata/ERR4613532_01_L001_R2_001.fastq.gz
ERR4613533	/Users/pdv/TFM/data/rawdata/ERR4613533_01_L001_R1_001.fastq.gz	/Users/pdv/TFM/data/rawdata/ERR4613533_01_L001_R2_001.fastq.gz
ERR4613534	/Users/pdv/TFM/data/rawdata/ERR4613534_01_L001_R1_001.fastq.gz	/Users/pdv/TFM/data/rawdata/ERR4613534_01_L001_R2_001.fastq.gz
ERR4613535	/Users/pdv/TFM/data/rawdata/ERR4613535_01_L001_R1_001.fastq.gz	/Users/pdv/TFM/data/rawdata/ERR4613535_01_L001_R2_001.fastq.gz
ERR4613536	/Users/pdv/TFM/data/rawdata/ERR4613536_01_L001_R1_001.fastq.gz	/Users/pdv/TFM/data/rawdata/ERR4613536_01_L001_R2_001.fastq.gz
ERR4613537	/Users/pdv/TFM/data/rawdata/ERR4613537_01_L001_R1_001.fastq.gz	/Users/pdv/TFM/data/rawdata/ERR4613537_01_L001_R2_001.fastq.gz
ERR4613538	/Users/pdv/TFM/data/rawdata/ERR4613538_01_L001_R1_001.fastq.gz	/Users/pdv/TFM/data/rawdata/ERR4613538_01_L001_R2_001.fastq.gz
ERR4613539	/Users/pdv/TFM/data/rawdata/ERR4613539_01_L001_R1_001.fastq.gz	/Users/pdv/TFM/data/rawdata/ERR4613539_01_L001_R2_001.fastq.gz
ERR4613540	/Users/pdv/TFM/data/rawdata/ERR4613540_01_L001_R1_001.fastq.gz	/Users/pdv/TFM/data/rawdata/ERR4613540_01_L001_R2_001.fastq.gz
ERR4613541	/Users/pdv/TFM/data/rawdata/ERR4613541_01_L001_R1_001.fastq.gz	/Users/pdv/TFM/data/rawdata/ERR4613541_01_L001_R2_001.fastq.gz
ERR4613542	/Users/pdv/TFM/data/rawdata/ERR4613542_01_L001_R1_001.fastq.gz	/Users/pdv/TFM/data/rawdata/ERR4613542_01_L001_R2_001.fastq.gz
ERR4613543	/Users/pdv/TFM/data/rawdata/ERR4613543_01_L001_R1_001.fastq.gz	/Users/pdv/TFM/data/rawdata/ERR4613543_01_L001_R2_001.fastq.gz
ERR4613544	/Users/pdv/TFM/data/rawdata/ERR4613544_01_L001_R1_001.fastq.gz	/Users/pdv/TFM/data/rawdata/ERR4613544_01_L001_R2_001.fastq.gz
ERR4613545	/Users/pdv/TFM/data/rawdata/ERR4613545_01_L001_R1_001.fastq.gz	/Users/pdv/TFM/data/rawdata/ERR4613545_01_L001_R2_001.fastq.gz
ERR4613546	/Users/pdv/TFM/data/rawdata/ERR4613546_01_L001_R1_001.fastq.gz	/Users/pdv/TFM/data/rawdata/ERR4613546_01_L001_R2_001.fastq.gz
ERR4613547	/Users/pdv/TFM/data/rawdata/ERR4613547_01_L001_R1_001.fastq.gz	/Users/pdv/TFM/data/rawdata/ERR4613547_01_L001_R2_001.fastq.gz
ERR4613548	/Users/pdv/TFM/data/rawdata/ERR4613548_01_L001_R1_001.fastq.gz	/Users/pdv/TFM/data/rawdata/ERR4613548_01_L001_R2_001.fastq.gz
ERR4613549	/Users/pdv/TFM/data/rawdata/ERR4613549_01_L001_R1_001.fastq.gz	/Users/pdv/TFM/data/rawdata/ERR4613549_01_L001_R2_001.fastq.gz
ERR4613550	/Users/pdv/TFM/data/rawdata/ERR4613550_01_L001_R1_001.fastq.gz	/Users/pdv/TFM/data/rawdata/ERR4613550_01_L001_R2_001.fastq.gz
ERR4613551	/Users/pdv/TFM/data/rawdata/ERR4613551_01_L001_R1_001.fastq.gz	/Users/pdv/TFM/data/rawdata/ERR4613551_01_L001_R2_001.fastq.gz
ERR4613552	/Users/pdv/TFM/data/rawdata/ERR4613552_01_L001_R1_001.fastq.gz	/Users/pdv/TFM/data/rawdata/ERR4613552_01_L001_R2_001.fastq.gz
ERR4613553	/Users/pdv/TFM/data/rawdata/ERR4613553_01_L001_R1_001.fastq.gz	/Users/pdv/TFM/data/rawdata/ERR4613553_01_L001_R2_001.fastq.gz
ERR4613554	/Users/pdv/TFM/data/rawdata/ERR4613554_01_L001_R1_001.fastq.gz	/Users/pdv/TFM/data/rawdata/ERR4613554_01_L001_R2_001.fastq.gz
ERR4613555	/Users/pdv/TFM/data/rawdata/ERR4613555_01_L001_R1_001.fastq.gz	/Users/pdv/TFM/data/rawdata/ERR4613555_01_L001_R2_001.fastq.gz
ERR4613556	/Users/pdv/TFM/data/rawdata/ERR4613556_01_L001_R1_001.fastq.gz	/Users/pdv/TFM/data/rawdata/ERR4613556_01_L001_R2_001.fastq.gz
ERR4613557	/Users/pdv/TFM/data/rawdata/ERR4613557_01_L001_R1_001.fastq.gz	/Users/pdv/TFM/data/rawdata/ERR4613557_01_L001_R2_001.fastq.gz
ERR4613558	/Users/pdv/TFM/data/rawdata/ERR4613558_01_L001_R1_001.fastq.gz	/Users/pdv/TFM/data/rawdata/ERR4613558_01_L001_R2_001.fastq.gz
ERR4613559	/Users/pdv/TFM/data/rawdata/ERR4613559_01_L001_R1_001.fastq.gz	/Users/pdv/TFM/data/rawdata/ERR4613559_01_L001_R2_001.fastq.gz
ERR4613560	/Users/pdv/TFM/data/rawdata/ERR4613560_01_L001_R1_001.fastq.gz	/Users/pdv/TFM/data/rawdata/ERR4613560_01_L001_R2_001.fastq.gz
ERR4613561	/Users/pdv/TFM/data/rawdata/ERR4613561_01_L001_R1_001.fastq.gz	/Users/pdv/TFM/data/rawdata/ERR4613561_01_L001_R2_001.fastq.gz
ERR4613562	/Users/pdv/TFM/data/rawdata/ERR4613562_01_L001_R1_001.fastq.gz	/Users/pdv/TFM/data/rawdata/ERR4613562_01_L001_R2_001.fastq.gz
ERR4613563	/Users/pdv/TFM/data/rawdata/ERR4613563_01_L001_R1_001.fastq.gz	/Users/pdv/TFM/data/rawdata/ERR4613563_01_L001_R2_001.fastq.gz
ERR4613564	/Users/pdv/TFM/data/rawdata/ERR4613564_01_L001_R1_001.fastq.gz	/Users/pdv/TFM/data/rawdata/ERR4613564_01_L001_R2_001.fastq.gz
ERR4613565	/Users/pdv/TFM/data/rawdata/ERR4613565_01_L001_R1_001.fastq.gz	/Users/pdv/TFM/data/rawdata/ERR4613565_01_L001_R2_001.fastq.gz
ERR4613566	/Users/pdv/TFM/data/rawdata/ERR4613566_01_L001_R1_001.fastq.gz	/Users/pdv/TFM/data/rawdata/ERR4613566_01_L001_R2_001.fastq.gz
ERR4613567	/Users/pdv/TFM/data/rawdata/ERR4613567_01_L001_R1_001.fastq.gz	/Users/pdv/TFM/data/rawdata/ERR4613567_01_L001_R2_001.fastq.gz
ERR4613568	/Users/pdv/TFM/data/rawdata/ERR4613568_01_L001_R1_001.fastq.gz	/Users/pdv/TFM/data/rawdata/ERR4613568_01_L001_R2_001.fastq.gz
ERR4613569	/Users/pdv/TFM/data/rawdata/ERR4613569_01_L001_R1_001.fastq.gz	/Users/pdv/TFM/data/rawdata/ERR4613569_01_L001_R2_001.fastq.gz
ERR4613570	/Users/pdv/TFM/data/rawdata/ERR4613570_01_L001_R1_001.fastq.gz	/Users/pdv/TFM/data/rawdata/ERR4613570_01_L001_R2_001.fastq.gz
ERR4613571	/Users/pdv/TFM/data/rawdata/ERR4613571_01_L001_R1_001.fastq.gz	/Users/pdv/TFM/data/rawdata/ERR4613571_01_L001_R2_001.fastq.gz
ERR4613572	/Users/pdv/TFM/data/rawdata/ERR4613572_01_L001_R1_001.fastq.gz	/Users/pdv/TFM/data/rawdata/ERR4613572_01_L001_R2_001.fastq.gz
ERR4613573	/Users/pdv/TFM/data/rawdata/ERR4613573_01_L001_R1_001.fastq.gz	/Users/pdv/TFM/data/rawdata/ERR4613573_01_L001_R2_001.fastq.gz
ERR4613574	/Users/pdv/TFM/data/rawdata/ERR4613574_01_L001_R1_001.fastq.gz	/Users/pdv/TFM/data/rawdata/ERR4613574_01_L001_R2_001.fastq.gz
ERR4613575	/Users/pdv/TFM/data/rawdata/ERR4613575_01_L001_R1_001.fastq.gz	/Users/pdv/TFM/data/rawdata/ERR4613575_01_L001_R2_001.fastq.gz
ERR4613576	/Users/pdv/TFM/data/rawdata/ERR4613576_01_L001_R1_001.fastq.gz	/Users/pdv/TFM/data/rawdata/ERR4613576_01_L001_R2_001.fastq.gz
ERR4613577	/Users/pdv/TFM/data/rawdata/ERR4613577_01_L001_R1_001.fastq.gz	/Users/pdv/TFM/data/rawdata/ERR4613577_01_L001_R2_001.fastq.gz
ERR4613578	/Users/pdv/TFM/data/rawdata/ERR4613578_01_L001_R1_001.fastq.gz	/Users/pdv/TFM/data/rawdata/ERR4613578_01_L001_R2_001.fastq.gz
ERR4613579	/Users/pdv/TFM/data/rawdata/ERR4613579_01_L001_R1_001.fastq.gz	/Users/pdv/TFM/data/rawdata/ERR4613579_01_L001_R2_001.fastq.gz
ERR4613580	/Users/pdv/TFM/data/rawdata/ERR4613580_01_L001_R1_001.fastq.gz	/Users/pdv/TFM/data/rawdata/ERR4613580_01_L001_R2_001.fastq.gz
ERR4613581	/Users/pdv/TFM/data/rawdata/ERR4613581_01_L001_R1_001.fastq.gz	/Users/pdv/TFM/data/rawdata/ERR4613581_01_L001_R2_001.fastq.gz
ERR4613582	/Users/pdv/TFM/data/rawdata/ERR4613582_01_L001_R1_001.fastq.gz	/Users/pdv/TFM/data/rawdata/ERR4613582_01_L001_R2_001.fastq.gz
ERR4613583	/Users/pdv/TFM/data/rawdata/ERR4613583_01_L001_R1_001.fastq.gz	/Users/pdv/TFM/data/rawdata/ERR4613583_01_L001_R2_001.fastq.gz
ERR4613584	/Users/pdv/TFM/data/rawdata/ERR4613584_01_L001_R1_001.fastq.gz	/Users/pdv/TFM/data/rawdata/ERR4613584_01_L001_R2_001.fastq.gz
ERR4613585	/Users/pdv/TFM/data/rawdata/ERR4613585_01_L001_R1_001.fastq.gz	/Users/pdv/TFM/data/rawdata/ERR4613585_01_L001_R2_001.fastq.gz
ERR4613586	/Users/pdv/TFM/data/rawdata/ERR4613586_01_L001_R1_001.fastq.gz	/Users/pdv/TFM/data/rawdata/ERR4613586_01_L001_R2_001.fastq.gz
ERR4613587	/Users/pdv/TFM/data/rawdata/ERR4613587_01_L001_R1_001.fastq.gz	/Users/pdv/TFM/data/rawdata/ERR4613587_01_L001_R2_001.fastq.gz
ERR4613588	/Users/pdv/TFM/data/rawdata/ERR4613588_01_L001_R1_001.fastq.gz	/Users/pdv/TFM/data/rawdata/ERR4613588_01_L001_R2_001.fastq.gz
ERR4613589	/Users/pdv/TFM/data/rawdata/ERR4613589_01_L001_R1_001.fastq.gz	/Users/pdv/TFM/data/rawdata/ERR4613589_01_L001_R2_001.fastq.gz
ERR4613590	/Users/pdv/TFM/data/rawdata/ERR4613590_01_L001_R1_001.fastq.gz	/Users/pdv/TFM/data/rawdata/ERR4613590_01_L001_R2_001.fastq.gz
ERR4613591	/Users/pdv/TFM/data/rawdata/ERR4613591_01_L001_R1_001.fastq.gz	/Users/pdv/TFM/data/rawdata/ERR4613591_01_L001_R2_001.fastq.gz
ERR4613592	/Users/pdv/TFM/data/rawdata/ERR4613592_01_L001_R1_001.fastq.gz	/Users/pdv/TFM/data/rawdata/ERR4613592_01_L001_R2_001.fastq.gz
ERR4613593	/Users/pdv/TFM/data/rawdata/ERR4613593_01_L001_R1_001.fastq.gz	/Users/pdv/TFM/data/rawdata/ERR4613593_01_L001_R2_001.fastq.gz
ERR4613594	/Users/pdv/TFM/data/rawdata/ERR4613594_01_L001_R1_001.fastq.gz	/Users/pdv/TFM/data/rawdata/ERR4613594_01_L001_R2_001.fastq.gz
ERR4613595	/Users/pdv/TFM/data/rawdata/ERR4613595_01_L001_R1_001.fastq.gz	/Users/pdv/TFM/data/rawdata/ERR4613595_01_L001_R2_001.fastq.gz
ERR4613596	/Users/pdv/TFM/data/rawdata/ERR4613596_01_L001_R1_001.fastq.gz	/Users/pdv/TFM/data/rawdata/ERR4613596_01_L001_R2_001.fastq.gz
ERR4613597	/Users/pdv/TFM/data/rawdata/ERR4613597_01_L001_R1_001.fastq.gz	/Users/pdv/TFM/data/rawdata/ERR4613597_01_L001_R2_001.fastq.gz
ERR4613598	/Users/pdv/TFM/data/rawdata/ERR4613598_01_L001_R1_001.fastq.gz	/Users/pdv/TFM/data/rawdata/ERR4613598_01_L001_R2_001.fastq.gz
ERR4613599	/Users/pdv/TFM/data/rawdata/ERR4613599_01_L001_R1_001.fastq.gz	/Users/pdv/TFM/data/rawdata/ERR4613599_01_L001_R2_001.fastq.gz
ERR4613600	/Users/pdv/TFM/data/rawdata/ERR4613600_01_L001_R1_001.fastq.gz	/Users/pdv/TFM/data/rawdata/ERR4613600_01_L001_R2_001.fastq.gz
ERR4613601	/Users/pdv/TFM/data/rawdata/ERR4613601_01_L001_R1_001.fastq.gz	/Users/pdv/TFM/data/rawdata/ERR4613601_01_L001_R2_001.fastq.gz
ERR4613602	/Users/pdv/TFM/data/rawdata/ERR4613602_01_L001_R1_001.fastq.gz	/Users/pdv/TFM/data/rawdata/ERR4613602_01_L001_R2_001.fastq.gz
ERR4613603	/Users/pdv/TFM/data/rawdata/ERR4613603_01_L001_R1_001.fastq.gz	/Users/pdv/TFM/data/rawdata/ERR4613603_01_L001_R2_001.fastq.gz
ERR4613604	/Users/pdv/TFM/data/rawdata/ERR4613604_01_L001_R1_001.fastq.gz	/Users/pdv/TFM/data/rawdata/ERR4613604_01_L001_R2_001.fastq.gz
ERR4613605	/Users/pdv/TFM/data/rawdata/ERR4613605_01_L001_R1_001.fastq.gz	/Users/pdv/TFM/data/rawdata/ERR4613605_01_L001_R2_001.fastq.gz
ERR4613606	/Users/pdv/TFM/data/rawdata/ERR4613606_01_L001_R1_001.fastq.gz	/Users/pdv/TFM/data/rawdata/ERR4613606_01_L001_R2_001.fastq.gz
ERR4613607	/Users/pdv/TFM/data/rawdata/ERR4613607_01_L001_R1_001.fastq.gz	/Users/pdv/TFM/data/rawdata/ERR4613607_01_L001_R2_001.fastq.gz
ERR4613608	/Users/pdv/TFM/data/rawdata/ERR4613608_01_L001_R1_001.fastq.gz	/Users/pdv/TFM/data/rawdata/ERR4613608_01_L001_R2_001.fastq.gz
ERR4613609	/Users/pdv/TFM/data/rawdata/ERR4613609_01_L001_R1_001.fastq.gz	/Users/pdv/TFM/data/rawdata/ERR4613609_01_L001_R2_001.fastq.gz
ERR4613610	/Users/pdv/TFM/data/rawdata/ERR4613610_01_L001_R1_001.fastq.gz	/Users/pdv/TFM/data/rawdata/ERR4613610_01_L001_R2_001.fastq.gz
ERR4613611	/Users/pdv/TFM/data/rawdata/ERR4613611_01_L001_R1_001.fastq.gz	/Users/pdv/TFM/data/rawdata/ERR4613611_01_L001_R2_001.fastq.gz
ERR4613612	/Users/pdv/TFM/data/rawdata/ERR4613612_01_L001_R1_001.fastq.gz	/Users/pdv/TFM/data/rawdata/ERR4613612_01_L001_R2_001.fastq.gz
ERR4613613	/Users/pdv/TFM/data/rawdata/ERR4613613_01_L001_R1_001.fastq.gz	/Users/pdv/TFM/data/rawdata/ERR4613613_01_L001_R2_001.fastq.gz
ERR4613614	/Users/pdv/TFM/data/rawdata/ERR4613614_01_L001_R1_001.fastq.gz	/Users/pdv/TFM/data/rawdata/ERR4613614_01_L001_R2_001.fastq.gz
ERR4613615	/Users/pdv/TFM/data/rawdata/ERR4613615_01_L001_R1_001.fastq.gz	/Users/pdv/TFM/data/rawdata/ERR4613615_01_L001_R2_001.fastq.gz
ERR4613616	/Users/pdv/TFM/data/rawdata/ERR4613616_01_L001_R1_001.fastq.gz	/Users/pdv/TFM/data/rawdata/ERR4613616_01_L001_R2_001.fastq.gz
ERR4613617	/Users/pdv/TFM/data/rawdata/ERR4613617_01_L001_R1_001.fastq.gz	/Users/pdv/TFM/data/rawdata/ERR4613617_01_L001_R2_001.fastq.gz
ERR4613618	/Users/pdv/TFM/data/rawdata/ERR4613618_01_L001_R1_001.fastq.gz	/Users/pdv/TFM/data/rawdata/ERR4613618_01_L001_R2_001.fastq.gz
ERR4613619	/Users/pdv/TFM/data/rawdata/ERR4613619_01_L001_R1_001.fastq.gz	/Users/pdv/TFM/data/rawdata/ERR4613619_01_L001_R2_001.fastq.gz
ERR4613620	/Users/pdv/TFM/data/rawdata/ERR4613620_01_L001_R1_001.fastq.gz	/Users/pdv/TFM/data/rawdata/ERR4613620_01_L001_R2_001.fastq.gz
ERR4613621	/Users/pdv/TFM/data/rawdata/ERR4613621_01_L001_R1_001.fastq.gz	/Users/pdv/TFM/data/rawdata/ERR4613621_01_L001_R2_001.fastq.gz
ERR4613622	/Users/pdv/TFM/data/rawdata/ERR4613622_01_L001_R1_001.fastq.gz	/Users/pdv/TFM/data/rawdata/ERR4613622_01_L001_R2_001.fastq.gz
ERR4613623	/Users/pdv/TFM/data/rawdata/ERR4613623_01_L001_R1_001.fastq.gz	/Users/pdv/TFM/data/rawdata/ERR4613623_01_L001_R2_001.fastq.gz
ERR4613624	/Users/pdv/TFM/data/rawdata/ERR4613624_01_L001_R1_001.fastq.gz	/Users/pdv/TFM/data/rawdata/ERR4613624_01_L001_R2_001.fastq.gz
ERR4613625	/Users/pdv/TFM/data/rawdata/ERR4613625_01_L001_R1_001.fastq.gz	/Users/pdv/TFM/data/rawdata/ERR4613625_01_L001_R2_001.fastq.gz
ERR4613626	/Users/pdv/TFM/data/rawdata/ERR4613626_01_L001_R1_001.fastq.gz	/Users/pdv/TFM/data/rawdata/ERR4613626_01_L001_R2_001.fastq.gz
ERR4613627	/Users/pdv/TFM/data/rawdata/ERR4613627_01_L001_R1_001.fastq.gz	/Users/pdv/TFM/data/rawdata/ERR4613627_01_L001_R2_001.fastq.gz
ERR4613628	/Users/pdv/TFM/data/rawdata/ERR4613628_01_L001_R1_001.fastq.gz	/Users/pdv/TFM/data/rawdata/ERR4613628_01_L001_R2_001.fastq.gz
ERR4613629	/Users/pdv/TFM/data/rawdata/ERR4613629_01_L001_R1_001.fastq.gz	/Users/pdv/TFM/data/rawdata/ERR4613629_01_L001_R2_001.fastq.gz
ERR4613630	/Users/pdv/TFM/data/rawdata/ERR4613630_01_L001_R1_001.fastq.gz	/Users/pdv/TFM/data/rawdata/ERR4613630_01_L001_R2_001.fastq.gz
ERR4613631	/Users/pdv/TFM/data/rawdata/ERR4613631_01_L001_R1_001.fastq.gz	/Users/pdv/TFM/data/rawdata/ERR4613631_01_L001_R2_001.fastq.gz
ERR4613632	/Users/pdv/TFM/data/rawdata/ERR4613632_01_L001_R1_001.fastq.gz	/Users/pdv/TFM/data/rawdata/ERR4613632_01_L001_R2_001.fastq.gz
ERR4613633	/Users/pdv/TFM/data/rawdata/ERR4613633_01_L001_R1_001.fastq.gz	/Users/pdv/TFM/data/rawdata/ERR4613633_01_L001_R2_001.fastq.gz
ERR4613634	/Users/pdv/TFM/data/rawdata/ERR4613634_01_L001_R1_001.fastq.gz	/Users/pdv/TFM/data/rawdata/ERR4613634_01_L001_R2_001.fastq.gz
ERR4613635	/Users/pdv/TFM/data/rawdata/ERR4613635_01_L001_R1_001.fastq.gz	/Users/pdv/TFM/data/rawdata/ERR4613635_01_L001_R2_001.fastq.gz
ERR4613636	/Users/pdv/TFM/data/rawdata/ERR4613636_01_L001_R1_001.fastq.gz	/Users/pdv/TFM/data/rawdata/ERR4613636_01_L001_R2_001.fastq.gz
ERR4613637	/Users/pdv/TFM/data/rawdata/ERR4613637_01_L001_R1_001.fastq.gz	/Users/pdv/TFM/data/rawdata/ERR4613637_01_L001_R2_001.fastq.gz
ERR4613638	/Users/pdv/TFM/data/rawdata/ERR4613638_01_L001_R1_001.fastq.gz	/Users/pdv/TFM/data/rawdata/ERR4613638_01_L001_R2_001.fastq.gz
ERR4613639	/Users/pdv/TFM/data/rawdata/ERR4613639_01_L001_R1_001.fastq.gz	/Users/pdv/TFM/data/rawdata/ERR4613639_01_L001_R2_001.fastq.gz
ERR4613640	/Users/pdv/TFM/data/rawdata/ERR4613640_01_L001_R1_001.fastq.gz	/Users/pdv/TFM/data/rawdata/ERR4613640_01_L001_R2_001.fastq.gz
ERR4613641	/Users/pdv/TFM/data/rawdata/ERR4613641_01_L001_R1_001.fastq.gz	/Users/pdv/TFM/data/rawdata/ERR4613641_01_L001_R2_001.fastq.gz
ERR4613642	/Users/pdv/TFM/data/rawdata/ERR4613642_01_L001_R1_001.fastq.gz	/Users/pdv/TFM/data/rawdata/ERR4613642_01_L001_R2_001.fastq.gz
ERR4613643	/Users/pdv/TFM/data/rawdata/ERR4613643_01_L001_R1_001.fastq.gz	/Users/pdv/TFM/data/rawdata/ERR4613643_01_L001_R2_001.fastq.gz
ERR4613644	/Users/pdv/TFM/data/rawdata/ERR4613644_01_L001_R1_001.fastq.gz	/Users/pdv/TFM/data/rawdata/ERR4613644_01_L001_R2_001.fastq.gz
ERR4613645	/Users/pdv/TFM/data/rawdata/ERR4613645_01_L001_R1_001.fastq.gz	/Users/pdv/TFM/data/rawdata/ERR4613645_01_L001_R2_001.fastq.gz
ERR4613646	/Users/pdv/TFM/data/rawdata/ERR4613646_01_L001_R1_001.fastq.gz	/Users/pdv/TFM/data/rawdata/ERR4613646_01_L001_R2_001.fastq.gz
ERR4613647	/Users/pdv/TFM/data/rawdata/ERR4613647_01_L001_R1_001.fastq.gz	/Users/pdv/TFM/data/rawdata/ERR4613647_01_L001_R2_001.fastq.gz
ERR4613648	/Users/pdv/TFM/data/rawdata/ERR4613648_01_L001_R1_001.fastq.gz	/Users/pdv/TFM/data/rawdata/ERR4613648_01_L001_R2_001.fastq.gz
ERR4613649	/Users/pdv/TFM/data/rawdata/ERR4613649_01_L001_R1_001.fastq.gz	/Users/pdv/TFM/data/rawdata/ERR4613649_01_L001_R2_001.fastq.gz
ERR4613650	/Users/pdv/TFM/data/rawdata/ERR4613650_01_L001_R1_001.fastq.gz	/Users/pdv/TFM/data/rawdata/ERR4613650_01_L001_R2_001.fastq.gz
ERR4613651	/Users/pdv/TFM/data/rawdata/ERR4613651_01_L001_R1_001.fastq.gz	/Users/pdv/TFM/data/rawdata/ERR4613651_01_L001_R2_001.fastq.gz
ERR4613652	/Users/pdv/TFM/data/rawdata/ERR4613652_01_L001_R1_001.fastq.gz	/Users/pdv/TFM/data/rawdata/ERR4613652_01_L001_R2_001.fastq.gz
ERR4613653	/Users/pdv/TFM/data/rawdata/ERR4613653_01_L001_R1_001.fastq.gz	/Users/pdv/TFM/data/rawdata/ERR4613653_01_L001_R2_001.fastq.gz
ERR4613654	/Users/pdv/TFM/data/rawdata/ERR4613654_01_L001_R1_001.fastq.gz	/Users/pdv/TFM/data/rawdata/ERR4613654_01_L001_R2_001.fastq.gz
ERR4613655	/Users/pdv/TFM/data/rawdata/ERR4613655_01_L001_R1_001.fastq.gz	/Users/pdv/TFM/data/rawdata/ERR4613655_01_L001_R2_001.fastq.gz
ERR4613656	/Users/pdv/TFM/data/rawdata/ERR4613656_01_L001_R1_001.fastq.gz	/Users/pdv/TFM/data/rawdata/ERR4613656_01_L001_R2_001.fastq.gz
ERR4613657	/Users/pdv/TFM/data/rawdata/ERR4613657_01_L001_R1_001.fastq.gz	/Users/pdv/TFM/data/rawdata/ERR4613657_01_L001_R2_001.fastq.gz
ERR4613658	/Users/pdv/TFM/data/rawdata/ERR4613658_01_L001_R1_001.fastq.gz	/Users/pdv/TFM/data/rawdata/ERR4613658_01_L001_R2_001.fastq.gz
ERR4613659	/Users/pdv/TFM/data/rawdata/ERR4613659_01_L001_R1_001.fastq.gz	/Users/pdv/TFM/data/rawdata/ERR4613659_01_L001_R2_001.fastq.gz
ERR4613660	/Users/pdv/TFM/data/rawdata/ERR4613660_01_L001_R1_001.fastq.gz	/Users/pdv/TFM/data/rawdata/ERR4613660_01_L001_R2_001.fastq.gz
ERR4613661	/Users/pdv/TFM/data/rawdata/ERR4613661_01_L001_R1_001.fastq.gz	/Users/pdv/TFM/data/rawdata/ERR4613661_01_L001_R2_001.fastq.gz
ERR4613662	/Users/pdv/TFM/data/rawdata/ERR4613662_01_L001_R1_001.fastq.gz	/Users/pdv/TFM/data/rawdata/ERR4613662_01_L001_R2_001.fastq.gz
ERR4613663	/Users/pdv/TFM/data/rawdata/ERR4613663_01_L001_R1_001.fastq.gz	/Users/pdv/TFM/data/rawdata/ERR4613663_01_L001_R2_001.fastq.gz
ERR4613664	/Users/pdv/TFM/data/rawdata/ERR4613664_01_L001_R1_001.fastq.gz	/Users/pdv/TFM/data/rawdata/ERR4613664_01_L001_R2_001.fastq.gz
ERR4613665	/Users/pdv/TFM/data/rawdata/ERR4613665_01_L001_R1_001.fastq.gz	/Users/pdv/TFM/data/rawdata/ERR4613665_01_L001_R2_001.fastq.gz
ERR4613666	/Users/pdv/TFM/data/rawdata/ERR4613666_01_L001_R1_001.fastq.gz	/Users/pdv/TFM/data/rawdata/ERR4613666_01_L001_R2_001.fastq.gz
ERR4613667	/Users/pdv/TFM/data/rawdata/ERR4613667_01_L001_R1_001.fastq.gz	/Users/pdv/TFM/data/rawdata/ERR4613667_01_L001_R2_001.fastq.gz
ERR4613668	/Users/pdv/TFM/data/rawdata/ERR4613668_01_L001_R1_001.fastq.gz	/Users/pdv/TFM/data/rawdata/ERR4613668_01_L001_R2_001.fastq.gz
ERR4613669	/Users/pdv/TFM/data/rawdata/ERR4613669_01_L001_R1_001.fastq.gz	/Users/pdv/TFM/data/rawdata/ERR4613669_01_L001_R2_001.fastq.gz
ERR4613670	/Users/pdv/TFM/data/rawdata/ERR4613670_01_L001_R1_001.fastq.gz	/Users/pdv/TFM/data/rawdata/ERR4613670_01_L001_R2_001.fastq.gz
ERR4613671	/Users/pdv/TFM/data/rawdata/ERR4613671_01_L001_R1_001.fastq.gz	/Users/pdv/TFM/data/rawdata/ERR4613671_01_L001_R2_001.fastq.gz
ERR4613672	/Users/pdv/TFM/data/rawdata/ERR4613672_01_L001_R1_001.fastq.gz	/Users/pdv/TFM/data/rawdata/ERR4613672_01_L001_R2_001.fastq.gz
ERR4613673	/Users/pdv/TFM/data/rawdata/ERR4613673_01_L001_R1_001.fastq.gz	/Users/pdv/TFM/data/rawdata/ERR4613673_01_L001_R2_001.fastq.gz
ERR4613674	/Users/pdv/TFM/data/rawdata/ERR4613674_01_L001_R1_001.fastq.gz	/Users/pdv/TFM/data/rawdata/ERR4613674_01_L001_R2_001.fastq.gz
ERR4613675	/Users/pdv/TFM/data/rawdata/ERR4613675_01_L001_R1_001.fastq.gz	/Users/pdv/TFM/data/rawdata/ERR4613675_01_L001_R2_001.fastq.gz
ERR4613676	/Users/pdv/TFM/data/rawdata/ERR4613676_01_L001_R1_001.fastq.gz	/Users/pdv/TFM/data/rawdata/ERR4613676_01_L001_R2_001.fastq.gz
ERR4613677	/Users/pdv/TFM/data/rawdata/ERR4613677_01_L001_R1_001.fastq.gz	/Users/pdv/TFM/data/rawdata/ERR4613677_01_L001_R2_001.fastq.gz
ERR4613678	/Users/pdv/TFM/data/rawdata/ERR4613678_01_L001_R1_001.fastq.gz	/Users/pdv/TFM/data/rawdata/ERR4613678_01_L001_R2_001.fastq.gz
ERR4613679	/Users/pdv/TFM/data/rawdata/ERR4613679_01_L001_R1_001.fastq.gz	/Users/pdv/TFM/data/rawdata/ERR4613679_01_L001_R2_001.fastq.gz
ERR4613680	/Users/pdv/TFM/data/rawdata/ERR4613680_01_L001_R1_001.fastq.gz	/Users/pdv/TFM/data/rawdata/ERR4613680_01_L001_R2_001.fastq.gz
ERR4613681	/Users/pdv/TFM/data/rawdata/ERR4613681_01_L001_R1_001.fastq.gz	/Users/pdv/TFM/data/rawdata/ERR4613681_01_L001_R2_001.fastq.gz
ERR4613682	/Users/pdv/TFM/data/rawdata/ERR4613682_01_L001_R1_001.fastq.gz	/Users/pdv/TFM/data/rawdata/ERR4613682_01_L001_R2_001.fastq.gz
ERR4613683	/Users/pdv/TFM/data/rawdata/ERR4613683_01_L001_R1_001.fastq.gz	/Users/pdv/TFM/data/rawdata/ERR4613683_01_L001_R2_001.fastq.gz
ERR4613684	/Users/pdv/TFM/data/rawdata/ERR4613684_01_L001_R1_001.fastq.gz	/Users/pdv/TFM/data/rawdata/ERR4613684_01_L001_R2_001.fastq.gz
ERR4613685	/Users/pdv/TFM/data/rawdata/ERR4613685_01_L001_R1_001.fastq.gz	/Users/pdv/TFM/data/rawdata/ERR4613685_01_L001_R2_001.fastq.gz
ERR4613686	/Users/pdv/TFM/data/rawdata/ERR4613686_01_L001_R1_001.fastq.gz	/Users/pdv/TFM/data/rawdata/ERR4613686_01_L001_R2_001.fastq.gz
ERR4613687	/Users/pdv/TFM/data/rawdata/ERR4613687_01_L001_R1_001.fastq.gz	/Users/pdv/TFM/data/rawdata/ERR4613687_01_L001_R2_001.fastq.gz
ERR4613688	/Users/pdv/TFM/data/rawdata/ERR4613688_01_L001_R1_001.fastq.gz	/Users/pdv/TFM/data/rawdata/ERR4613688_01_L001_R2_001.fastq.gz
ERR4613689	/Users/pdv/TFM/data/rawdata/ERR4613689_01_L001_R1_001.fastq.gz	/Users/pdv/TFM/data/rawdata/ERR4613689_01_L001_R2_001.fastq.gz
ERR4613690	/Users/pdv/TFM/data/rawdata/ERR4613690_01_L001_R1_001.fastq.gz	/Users/pdv/TFM/data/rawdata/ERR4613690_01_L001_R2_001.fastq.gz
ERR4613691	/Users/pdv/TFM/data/rawdata/ERR4613691_01_L001_R1_001.fastq.gz	/Users/pdv/TFM/data/rawdata/ERR4613691_01_L001_R2_001.fastq.gz
ERR4613692	/Users/pdv/TFM/data/rawdata/ERR4613692_01_L001_R1_001.fastq.gz	/Users/pdv/TFM/data/rawdata/ERR4613692_01_L001_R2_001.fastq.gz
ERR4613693	/Users/pdv/TFM/data/rawdata/ERR4613693_01_L001_R1_001.fastq.gz	/Users/pdv/TFM/data/rawdata/ERR4613693_01_L001_R2_001.fastq.gz
ERR4613694	/Users/pdv/TFM/data/rawdata/ERR4613694_01_L001_R1_001.fastq.gz	/Users/pdv/TFM/data/rawdata/ERR4613694_01_L001_R2_001.fastq.gz
ERR4613695	/Users/pdv/TFM/data/rawdata/ERR4613695_01_L001_R1_001.fastq.gz	/Users/pdv/TFM/data/rawdata/ERR4613695_01_L001_R2_001.fastq.gz
ERR4613696	/Users/pdv/TFM/data/rawdata/ERR4613696_01_L001_R1_001.fastq.gz	/Users/pdv/TFM/data/rawdata/ERR4613696_01_L001_R2_001.fastq.gz
ERR4613697	/Users/pdv/TFM/data/rawdata/ERR4613697_01_L001_R1_001.fastq.gz	/Users/pdv/TFM/data/rawdata/ERR4613697_01_L001_R2_001.fastq.gz
ERR4613698	/Users/pdv/TFM/data/rawdata/ERR4613698_01_L001_R1_001.fastq.gz	/Users/pdv/TFM/data/rawdata/ERR4613698_01_L001_R2_001.fastq.gz
ERR4613699	/Users/pdv/TFM/data/rawdata/ERR4613699_01_L001_R1_001.fastq.gz	/Users/pdv/TFM/data/rawdata/ERR4613699_01_L001_R2_001.fastq.gz
ERR4613700	/Users/pdv/TFM/data/rawdata/ERR4613700_01_L001_R1_001.fastq.gz	/Users/pdv/TFM/data/rawdata/ERR4613700_01_L001_R2_001.fastq.gz
ERR4613701	/Users/pdv/TFM/data/rawdata/ERR4613701_01_L001_R1_001.fastq.gz	/Users/pdv/TFM/data/rawdata/ERR4613701_01_L001_R2_001.fastq.gz
ERR4613702	/Users/pdv/TFM/data/rawdata/ERR4613702_01_L001_R1_001.fastq.gz	/Users/pdv/TFM/data/rawdata/ERR4613702_01_L001_R2_001.fastq.gz
ERR4613703	/Users/pdv/TFM/data/rawdata/ERR4613703_01_L001_R1_001.fastq.gz	/Users/pdv/TFM/data/rawdata/ERR4613703_01_L001_R2_001.fastq.gz
ERR4613704	/Users/pdv/TFM/data/rawdata/ERR4613704_01_L001_R1_001.fastq.gz	/Users/pdv/TFM/data/rawdata/ERR4613704_01_L001_R2_001.fastq.gz
ERR4613705	/Users/pdv/TFM/data/rawdata/ERR4613705_01_L001_R1_001.fastq.gz	/Users/pdv/TFM/data/rawdata/ERR4613705_01_L001_R2_001.fastq.gz
ERR4613706	/Users/pdv/TFM/data/rawdata/ERR4613706_01_L001_R1_001.fastq.gz	/Users/pdv/TFM/data/rawdata/ERR4613706_01_L001_R2_001.fastq.gz
ERR4613707	/Users/pdv/TFM/data/rawdata/ERR4613707_01_L001_R1_001.fastq.gz	/Users/pdv/TFM/data/rawdata/ERR4613707_01_L001_R2_001.fastq.gz
ERR4613708	/Users/pdv/TFM/data/rawdata/ERR4613708_01_L001_R1_001.fastq.gz	/Users/pdv/TFM/data/rawdata/ERR4613708_01_L001_R2_001.fastq.gz
ERR4613709	/Users/pdv/TFM/data/rawdata/ERR4613709_01_L001_R1_001.fastq.gz	/Users/pdv/TFM/data/rawdata/ERR4613709_01_L001_R2_001.fastq.gz
ERR4613710	/Users/pdv/TFM/data/rawdata/ERR4613710_01_L001_R1_001.fastq.gz	/Users/pdv/TFM/data/rawdata/ERR4613710_01_L001_R2_001.fastq.gz
ERR4613711	/Users/pdv/TFM/data/rawdata/ERR4613711_01_L001_R1_001.fastq.gz	/Users/pdv/TFM/data/rawdata/ERR4613711_01_L001_R2_001.fastq.gz
ERR4613712	/Users/pdv/TFM/data/rawdata/ERR4613712_01_L001_R1_001.fastq.gz	/Users/pdv/TFM/data/rawdata/ERR4613712_01_L001_R2_001.fastq.gz
ERR4613713	/Users/pdv/TFM/data/rawdata/ERR4613713_01_L001_R1_001.fastq.gz	/Users/pdv/TFM/data/rawdata/ERR4613713_01_L001_R2_001.fastq.gz
ERR4613714	/Users/pdv/TFM/data/rawdata/ERR4613714_01_L001_R1_001.fastq.gz	/Users/pdv/TFM/data/rawdata/ERR4613714_01_L001_R2_001.fastq.gz
ERR4613715	/Users/pdv/TFM/data/rawdata/ERR4613715_01_L001_R1_001.fastq.gz	/Users/pdv/TFM/data/rawdata/ERR4613715_01_L001_R2_001.fastq.gz
ERR4613716	/Users/pdv/TFM/data/rawdata/ERR4613716_01_L001_R1_001.fastq.gz	/Users/pdv/TFM/data/rawdata/ERR4613716_01_L001_R2_001.fastq.gz
ERR4613717	/Users/pdv/TFM/data/rawdata/ERR4613717_01_L001_R1_001.fastq.gz	/Users/pdv/TFM/data/rawdata/ERR4613717_01_L001_R2_001.fastq.gz
ERR4613718	/Users/pdv/TFM/data/rawdata/ERR4613718_01_L001_R1_001.fastq.gz	/Users/pdv/TFM/data/rawdata/ERR4613718_01_L001_R2_001.fastq.gz
ERR4613719	/Users/pdv/TFM/data/rawdata/ERR4613719_01_L001_R1_001.fastq.gz	/Users/pdv/TFM/data/rawdata/ERR4613719_01_L001_R2_001.fastq.gz
ERR4613720	/Users/pdv/TFM/data/rawdata/ERR4613720_01_L001_R1_001.fastq.gz	/Users/pdv/TFM/data/rawdata/ERR4613720_01_L001_R2_001.fastq.gz
ERR4613721	/Users/pdv/TFM/data/rawdata/ERR4613721_01_L001_R1_001.fastq.gz	/Users/pdv/TFM/data/rawdata/ERR4613721_01_L001_R2_001.fastq.gz
ERR4613722	/Users/pdv/TFM/data/rawdata/ERR4613722_01_L001_R1_001.fastq.gz	/Users/pdv/TFM/data/rawdata/ERR4613722_01_L001_R2_001.fastq.gz
ERR4613723	/Users/pdv/TFM/data/rawdata/ERR4613723_01_L001_R1_001.fastq.gz	/Users/pdv/TFM/data/rawdata/ERR4613723_01_L001_R2_001.fastq.gz
ERR4613724	/Users/pdv/TFM/data/rawdata/ERR4613724_01_L001_R1_001.fastq.gz	/Users/pdv/TFM/data/rawdata/ERR4613724_01_L001_R2_001.fastq.gz
